{"cameraMode":{"drawMode":0,"name":"Shaded","section":"Shading Mode"},"sceneLighting":false,"audioPlay":false,"sceneViewState":{"showFog":true,"showMaterialUpdate":false,"showSkybox":true,"showFlares":true,"showImageEffects":true,"showParticleSystems":true},"in2DMode":false,"pivot":{"x":15.82602596282959,"y":0.6791806817054749,"z":-14.749856948852539},"rotation":{"x":0.1988755315542221,"y":-0.6107410788536072,"z":0.16214397549629212,"w":0.7491016983985901},"size":9.01608943939209,"orthographic":false}